y_real,probabilidad_fraude,prediccion
0,0.0,0
0,0.0,0
0,0.0,0
0,1e-06,0
0,0.224202,0
0,0.0,0
0,0.0,0
0,0.0,0
0,0.0,0
0,0.0,0
0,0.0,0
0,0.0,0
0,0.0,0
0,9e-06,0
0,4e-06,0
0,5.9e-05,0
0,0.0,0
0,0.0,0
0,0.0,0
0,0.0,0
0,0.0,0
0,0.0,0
0,0.0,0
0,0.0,0
0,0.0,0
0,0.0,0
0,0.0,0
0,0.0,0
0,0.0,0
0,0.0,0
0,0.0,0
0,0.0,0
0,0.0,0
0,0.0,0
0,0.0,0
0,0.0,0
0,0.0,0
0,2e-06,0
0,0.0,0
0,0.0,0
0,0.0,0
0,0.0,0
0,0.0,0
0,0.001557,0
0,0.000279,0
0,0.0,0
0,0.0,0
0,0.0,0
0,0.0,0
0,0.0,0
0,0.0,0
0,0.0,0
0,0.0,0
0,0.0,0
0,0.0,0
0,0.0,0
0,0.0,0
0,0.0,0
0,0.0,0
0,0.0,0
0,0.0,0
0,0.0,0
0,0.0,0
0,0.0,0
0,0.0,0
0,0.0,0
0,0.0,0
0,0.0,0
0,0.0,0
0,0.0,0
0,0.0,0
0,0.0,0
0,0.0,0
0,0.0,0
0,0.0,0
0,0.0,0
0,0.0,0
0,0.0,0
0,0.0,0
0,0.0,0
0,0.0,0
0,0.0,0
0,0.0,0
0,0.0,0
0,0.0,0
0,0.0,0
0,0.0,0
1,0.998797,1
0,0.0,0
0,0.0,0
0,0.0,0
0,0.0,0
0,0.0,0
0,0.0,0
0,0.0,0
0,0.0,0
0,0.0,0
0,0.0,0
0,0.0,0
0,0.0,0
0,0.0,0
0,0.0,0
0,0.0,0
0,0.0,0
0,0.0,0
0,0.0,0
0,0.0,0
0,0.0,0
0,0.0,0
0,0.0,0
0,0.0,0
0,0.0,0
0,0.0,0
0,0.0,0
0,0.0,0
0,7e-06,0
0,1.9e-05,0
0,0.0,0
0,0.0,0
0,0.0,0
0,0.0,0
0,0.0,0
0,0.0,0
0,0.0,0
0,0.0,0
0,0.0,0
0,0.0,0
0,0.0,0
0,0.0,0
0,0.0,0
0,0.0,0
0,0.0,0
0,0.0,0
0,0.0,0
0,0.0,0
0,0.0,0
0,0.0,0
0,0.0,0
0,0.0,0
0,0.0,0
0,0.0,0
0,0.0,0
0,0.0,0
0,0.0,0
0,0.0,0
0,0.0,0
0,0.0,0
0,4e-06,0
0,0.0,0
0,0.0,0
0,0.0,0
0,0.0,0
0,0.0,0
0,0.0,0
0,0.0,0
0,0.0,0
0,0.0,0
0,0.0,0
0,0.0,0
0,0.0,0
0,0.0,0
0,0.0,0
0,0.001367,0
0,0.0,0
0,0.0,0
0,0.0,0
0,0.0,0
0,0.0,0
0,0.0,0
0,0.0,0
0,0.0,0
0,0.0,0
0,0.000279,0
0,0.0,0
0,0.0,0
0,0.0,0
0,0.0,0
0,0.0,0
0,0.0,0
0,0.0,0
0,0.0,0
0,0.0,0
0,0.000645,0
0,1e-05,0
0,0.0,0
0,0.0,0
0,0.0,0
0,0.0,0
0,0.0,0
0,0.0,0
0,0.0,0
0,0.0,0
0,0.0,0
0,0.0,0
0,0.0,0
0,0.001643,0
0,0.0,0
0,0.0,0
0,0.0,0
0,0.0,0
0,0.0,0
0,0.0,0
0,0.0,0
0,0.00935,0
0,0.00014,0
0,0.0,0
0,0.0,0
0,0.0,0
0,0.0,0
0,0.0,0
0,0.0,0
0,0.0,0
0,0.0,0
0,0.0,0
0,0.0,0
0,0.0,0
0,1.9e-05,0
0,0.0,0
0,0.0,0
0,0.0,0
0,0.0,0
0,0.0,0
0,0.0,0
0,0.0,0
0,0.0,0
0,0.0,0
0,0.0,0
0,0.0,0
0,0.0,0
0,0.0,0
0,0.0,0
0,0.0,0
0,0.0,0
0,0.0,0
0,0.0,0
0,0.0,0
0,0.0,0
0,0.0,0
0,0.0,0
0,0.0,0
0,0.0,0
0,0.0,0
0,0.0,0
0,0.0,0
0,0.0,0
0,0.0,0
0,0.0,0
0,0.0,0
0,0.0,0
0,6e-06,0
0,0.0,0
0,0.0,0
0,0.0,0
0,0.0,0
0,0.0,0
0,0.0,0
0,0.0,0
0,0.0,0
0,0.0,0
0,0.0,0
0,0.0,0
0,0.0,0
0,0.0,0
0,0.0,0
0,0.0,0
0,0.0,0
0,0.0,0
0,0.0,0
0,0.0,0
0,0.0,0
0,0.0,0
0,0.0,0
0,0.0,0
0,0.0,0
0,0.0,0
0,0.0,0
0,0.0,0
0,0.0,0
0,0.0,0
0,0.0,0
0,0.0,0
0,0.0,0
0,0.0,0
0,0.0,0
0,0.0,0
0,0.0,0
0,0.0,0
0,1e-06,0
0,0.0,0
0,0.0,0
0,0.0,0
0,0.0,0
0,0.0,0
0,0.0,0
0,0.0,0
0,0.0,0
0,0.0,0
0,0.0,0
0,0.0,0
0,0.0,0
0,0.0,0
0,0.0,0
0,0.0,0
0,0.0,0
0,0.0,0
0,0.0,0
0,0.0,0
0,0.0,0
0,0.0,0
0,0.0,0
0,0.0,0
0,0.0,0
0,0.0,0
0,0.0,0
0,0.0,0
0,1e-06,0
0,0.0,0
0,0.0,0
0,0.0,0
0,0.0,0
0,0.0,0
0,0.0,0
0,0.0,0
0,4e-06,0
0,0.0,0
0,0.0,0
0,0.0,0
0,0.0,0
0,0.0,0
0,0.0,0
0,0.0,0
0,0.0,0
0,0.0,0
0,0.0,0
0,0.0,0
0,0.0,0
0,0.0,0
0,0.0,0
0,0.0,0
0,0.0,0
0,0.0,0
0,0.0,0
0,0.0,0
0,0.003694,0
0,0.0,0
0,0.0,0
0,0.0,0
0,0.0,0
0,0.0,0
0,0.0,0
0,0.0,0
0,0.0,0
0,0.0,0
0,0.0,0
0,0.0,0
0,0.0,0
0,0.0,0
0,0.0,0
0,0.156016,0
0,0.0,0
0,0.0,0
0,0.0,0
0,0.0,0
0,0.0,0
0,0.0,0
0,0.0,0
0,0.0,0
0,0.0,0
0,0.0,0
0,0.0,0
0,0.0,0
0,0.0,0
0,0.0,0
0,0.0,0
0,0.0,0
0,0.0,0
0,0.0,0
0,0.0,0
0,0.0,0
0,0.0,0
0,0.0,0
0,0.0,0
0,0.0,0
0,0.0,0
0,0.0,0
0,0.0,0
0,0.0,0
0,2e-06,0
0,0.0,0
0,0.0,0
0,0.0,0
0,0.0,0
0,0.920988,1
0,0.0,0
0,0.0,0
0,0.0,0
0,0.0,0
0,0.0,0
0,0.0,0
0,0.0,0
0,0.0,0
0,0.0,0
0,0.0,0
0,0.0,0
0,0.0,0
0,0.0,0
0,0.0,0
0,0.0,0
0,0.0,0
0,0.0,0
0,0.0,0
0,0.0,0
0,0.0,0
0,0.0,0
0,0.0,0
0,0.0,0
0,0.0,0
0,0.0,0
0,0.062596,0
0,0.0,0
0,0.0,0
0,0.0,0
0,0.0,0
0,0.0,0
0,0.0,0
0,0.0,0
0,0.0,0
0,0.0,0
0,0.0,0
0,0.0,0
0,0.0,0
0,0.0,0
0,0.0,0
0,0.0,0
0,0.0,0
0,0.0,0
0,0.0,0
0,0.0,0
0,0.0,0
0,0.0,0
0,0.0,0
0,0.0,0
0,0.0,0
0,0.0,0
0,0.0,0
0,0.0,0
0,0.0,0
0,0.0,0
0,0.0,0
0,0.0,0
0,0.0,0
0,0.0,0
0,0.0,0
0,0.0,0
0,0.0,0
0,0.0,0
0,0.0,0
0,0.0,0
0,0.0,0
0,0.0,0
0,0.0,0
0,0.0,0
0,0.0,0
0,0.0,0
0,0.0,0
0,0.0,0
0,0.033058,0
0,0.0,0
0,0.0,0
0,0.0,0
0,0.0,0
0,0.0,0
0,0.0,0
0,0.0,0
0,0.0,0
0,0.0,0
0,0.0,0
0,0.0,0
0,0.0,0
0,0.0,0
0,0.0,0
0,0.0,0
0,0.0,0
0,0.0,0
0,0.0,0
0,0.0,0
0,0.0,0
0,0.0,0
0,0.0,0
0,0.0,0
0,0.0,0
0,0.0,0
0,0.0,0
0,0.0,0
0,0.0,0
0,0.0,0
0,0.0,0
0,0.0,0
0,0.0,0
0,0.0,0
0,0.0,0
0,0.0,0
0,0.0,0
0,0.0,0
0,0.0,0
0,0.0,0
0,0.0,0
0,0.0,0
0,0.006046,0
0,1e-06,0
0,0.0,0
0,0.0,0
0,0.0,0
0,0.0,0
0,0.0,0
0,0.0,0
0,0.0,0
0,0.0,0
0,0.0,0
0,0.0,0
0,0.0,0
0,0.0,0
0,0.0,0
0,0.0,0
0,0.0,0
0,0.0,0
0,0.0,0
0,0.0,0
0,0.0,0
0,0.0,0
0,0.0,0
0,0.0,0
0,0.0,0
0,0.0,0
0,0.0,0
0,0.0,0
0,0.0,0
0,0.0,0
0,0.0,0
0,0.0,0
0,0.0,0
0,0.0,0
0,0.0,0
0,0.0,0
0,0.0,0
0,0.0,0
1,0.999998,1
0,0.0,0
0,0.0,0
0,0.0,0
0,0.0,0
0,0.0,0
0,0.0,0
0,0.0,0
0,0.0,0
0,0.0,0
0,0.0,0
0,0.0,0
0,0.0,0
0,0.0,0
0,0.0,0
0,0.0,0
0,0.0,0
0,0.0,0
0,0.0,0
0,0.0,0
0,0.0,0
0,0.0,0
0,0.001355,0
0,0.0,0
0,0.0,0
0,0.0,0
0,0.0,0
0,0.0,0
0,0.0,0
0,0.0,0
0,0.0,0
0,0.0,0
0,0.0,0
0,0.0,0
0,0.0,0
0,0.0,0
0,5.4e-05,0
0,0.0,0
0,0.0,0
0,0.0,0
0,0.0,0
0,0.0,0
0,0.0,0
0,0.0,0
0,0.0,0
0,0.0,0
0,0.0,0
0,0.0,0
0,0.0,0
0,0.0,0
0,0.0,0
0,0.0,0
0,0.0,0
0,0.000109,0
0,0.0,0
0,0.0,0
0,0.007149,0
0,0.0,0
0,0.0,0
0,0.0,0
0,0.0,0
0,0.0,0
0,0.0,0
0,0.0,0
0,0.0,0
0,0.0,0
0,0.0,0
0,0.0,0
0,0.0,0
0,0.0,0
0,0.0,0
0,0.0,0
0,0.0,0
0,0.0,0
0,0.0,0
0,0.0,0
0,0.0,0
0,0.0,0
0,0.0,0
0,0.0,0
0,0.0,0
0,0.0,0
0,0.0,0
0,0.0,0
0,0.0,0
0,0.0,0
0,0.0,0
0,0.0,0
0,0.0,0
0,0.0,0
0,0.0,0
0,0.0,0
0,0.0,0
0,0.0,0
0,0.0,0
0,0.0,0
0,0.0,0
0,0.0,0
0,0.0,0
0,0.0,0
0,0.0,0
0,0.0,0
0,0.0,0
0,0.0,0
0,0.0,0
0,0.0,0
0,0.0,0
0,0.0,0
0,0.0,0
0,0.0,0
0,0.0,0
0,0.0,0
0,0.0,0
0,0.0,0
0,0.0,0
0,0.0,0
0,0.0,0
0,0.0,0
0,0.0,0
0,0.0,0
0,0.0,0
0,0.0,0
0,0.000232,0
0,0.0,0
0,0.0,0
0,0.0,0
0,0.0,0
0,0.0,0
0,0.0,0
0,0.0,0
0,0.0,0
0,0.0,0
0,0.0,0
0,0.0,0
0,0.0,0
0,0.0,0
0,0.0,0
0,0.0,0
0,0.0,0
0,0.0,0
0,0.0,0
0,0.0,0
0,0.0,0
0,0.0,0
0,0.0,0
0,0.0,0
0,0.0,0
0,0.0,0
0,0.0,0
0,0.0,0
0,0.0,0
0,0.0,0
0,0.0,0
0,0.0,0
0,0.0,0
0,0.0,0
0,0.0,0
0,0.0,0
0,1.7e-05,0
0,0.0,0
0,0.0,0
0,0.0,0
0,0.0,0
0,0.0,0
0,0.0,0
0,0.0,0
0,0.0,0
0,0.0,0
0,0.0,0
0,0.0,0
0,0.0,0
0,0.0,0
0,0.0,0
0,0.0,0
0,0.0,0
0,0.0,0
0,0.0,0
0,0.0,0
0,0.0,0
0,0.0,0
0,0.0,0
0,0.0,0
0,0.0,0
0,1.9e-05,0
0,0.0,0
0,0.0,0
0,0.0,0
0,0.0,0
0,0.0,0
0,0.0,0
0,0.0,0
0,0.0,0
0,0.0,0
0,0.0,0
0,0.0,0
0,0.0,0
0,0.0,0
0,0.0,0
0,0.0,0
0,0.0,0
0,0.0,0
0,0.0,0
0,0.0,0
0,0.0,0
0,0.0,0
0,0.0,0
0,0.0,0
0,0.0,0
0,0.0,0
0,0.0,0
0,0.0,0
0,0.0,0
0,0.0,0
0,0.0,0
0,0.0,0
0,0.0,0
0,0.0,0
0,0.0,0
0,0.0,0
0,0.0,0
0,0.0,0
0,0.0,0
0,0.0,0
0,0.0,0
0,0.0,0
0,0.0,0
0,0.0,0
0,0.0,0
0,0.0,0
0,0.0,0
0,0.0,0
0,0.0,0
0,0.0,0
0,0.0,0
0,0.0,0
0,8e-05,0
0,0.0,0
0,0.0,0
0,0.0,0
0,0.0,0
0,0.0,0
0,0.0,0
0,0.0,0
0,0.0,0
0,0.0,0
0,0.0,0
0,0.0,0
0,0.0,0
0,0.0,0
0,0.0,0
0,0.0,0
0,0.0,0
0,0.0,0
0,0.0,0
0,0.0,0
0,0.0,0
0,0.0,0
0,0.0,0
0,0.0,0
0,0.0,0
0,0.0,0
0,0.0,0
0,0.0,0
0,0.0,0
0,0.0,0
0,0.0,0
0,0.0,0
0,0.0,0
0,0.0,0
0,0.0,0
0,0.0,0
0,0.0,0
0,0.0,0
0,0.0,0
0,0.0,0
0,0.0,0
0,0.0,0
0,0.0,0
0,0.0,0
0,0.0,0
0,0.0,0
0,0.0,0
0,0.0,0
0,0.0,0
0,0.0,0
0,0.0,0
0,0.0,0
0,0.0,0
0,0.0,0
0,0.0,0
0,0.0,0
0,0.0,0
0,0.0,0
0,0.0,0
0,0.0,0
0,0.0,0
0,0.0,0
0,0.0,0
0,0.0,0
0,0.0,0
0,0.0,0
0,0.0,0
0,0.0,0
0,0.0,0
0,0.037956,0
0,0.0,0
0,0.0,0
0,0.0,0
0,0.0,0
0,0.0,0
0,0.0,0
0,0.0,0
0,0.0,0
0,0.0,0
0,0.0,0
0,0.0,0
0,0.0,0
0,0.0,0
0,0.0,0
0,0.0,0
0,0.0,0
0,0.0,0
0,0.0,0
0,0.0,0
0,0.0,0
0,0.0,0
0,0.0,0
0,0.0,0
0,2e-05,0
0,0.0,0
0,0.0,0
0,0.0,0
0,0.0,0
0,0.0,0
0,0.0,0
0,0.0,0
0,0.0,0
0,0.0,0
0,0.0,0
0,2e-06,0
0,2e-06,0
0,0.0,0
0,0.0,0
0,0.0,0
0,0.0,0
0,0.0,0
0,0.0,0
0,0.0,0
0,0.0,0
0,0.0,0
0,0.0,0
0,0.0,0
0,0.0,0
0,0.0,0
0,0.0,0
0,0.0,0
0,0.0,0
0,0.0,0
0,0.0,0
0,0.0,0
0,0.0,0
0,0.0,0
0,0.0,0
0,0.0,0
0,0.0,0
1,0.998538,1
0,0.0,0
0,0.0,0
0,0.0,0
0,0.0,0
0,0.0,0
0,0.0,0
0,0.0,0
0,1e-06,0
0,0.0,0
0,0.0,0
0,0.0,0
0,0.0,0
0,0.0,0
0,0.0,0
0,0.0,0
0,0.0,0
0,0.0,0
0,0.0,0
0,0.0,0
0,0.0,0
0,0.0,0
0,0.0,0
0,0.0,0
0,0.0,0
0,0.0,0
0,0.0,0
0,0.0,0
0,0.0,0
0,0.0,0
0,0.0,0
0,0.0,0
0,0.0,0
0,0.0,0
0,0.0,0
0,0.0,0
0,0.0,0
0,0.0,0
0,0.0,0
0,0.0,0
0,0.0,0
0,0.0,0
0,0.001157,0
0,0.0,0
0,0.0,0
0,0.0,0
0,0.0,0
0,0.0,0
0,0.0,0
0,0.0,0
0,0.0,0
0,0.0,0
1,0.995443,1
0,0.0,0
0,0.0,0
0,0.0,0
0,0.0,0
0,0.0,0
0,0.0,0
0,0.0,0
0,0.0,0
0,0.0,0
0,0.0,0
0,0.0,0
0,0.0,0
0,0.0,0
0,0.0,0
0,0.0,0
0,0.0,0
0,0.0,0
0,0.0,0
0,0.0,0
0,0.0,0
0,0.0,0
0,0.0,0
0,0.0,0
0,0.0,0
0,0.0,0
0,0.0,0
0,0.0,0
0,0.0,0
0,0.0,0
0,0.0,0
0,0.0,0
0,0.0,0
0,2.9e-05,0
0,0.0,0
0,0.0,0
0,0.0,0
0,0.0,0
0,0.0,0
0,0.0,0
0,0.0,0
0,0.0,0
0,0.0,0
0,0.0,0
0,0.0,0
0,0.0,0
0,0.0,0
0,0.0,0
0,0.0,0
0,0.0,0
0,0.0,0
0,0.0,0
0,0.0,0
0,0.0,0
0,0.0,0
0,0.0,0
0,0.0,0
0,0.0,0
0,0.0,0
0,0.0,0
0,0.0,0
0,0.0,0
0,0.0,0
0,0.0,0
0,0.0,0
0,0.0,0
0,0.0,0
0,0.0,0
0,0.0,0
0,0.0,0
0,0.0,0
0,0.0,0
0,0.027479,0
0,0.0,0
0,0.0,0
0,0.0,0
0,0.0,0
0,0.0,0
0,0.0,0
0,0.0,0
0,0.0,0
0,0.0,0
0,0.0,0
0,0.000233,0
0,0.0,0
0,0.0,0
0,0.0,0
0,0.0,0
0,0.0,0
0,0.0,0
0,0.0,0
0,0.0,0
0,0.0,0
0,0.0,0
0,0.0,0
0,0.0,0
0,0.0,0
0,0.0,0
0,0.0,0
0,0.0,0
0,0.0,0
0,2e-06,0
0,0.0,0
0,0.0,0
0,0.0,0
0,0.0,0
0,0.0,0
0,0.0,0
0,0.0,0
0,0.0,0
0,0.0,0
0,0.0,0
0,0.0,0
0,0.0,0
0,0.000224,0
0,0.0,0
0,0.0,0
0,0.0,0
0,0.0,0
0,0.0,0
0,0.0,0
0,0.0,0
0,0.0,0
0,0.0,0
0,0.0,0
0,0.0,0
0,0.0,0
0,0.0,0
0,0.0,0
0,0.0,0
0,0.0,0
0,0.0,0
0,1e-06,0
0,0.0,0
0,0.0,0
0,0.0,0
0,0.0,0
0,0.0,0
0,0.0,0
0,0.0,0
0,0.0,0
0,0.0,0
0,0.0,0
0,0.0,0
0,0.0,0
0,0.0,0
0,0.0,0
0,0.0,0
0,0.0,0
0,0.0,0
0,0.0,0
0,0.0,0
0,0.0,0
0,0.0,0
0,0.0,0
0,0.0,0
0,0.0,0
0,0.0,0
0,0.0,0
0,0.0,0
0,0.0,0
0,0.0,0
0,0.0,0
0,0.0,0
0,0.0,0
0,0.0,0
0,0.0,0
0,0.0,0
0,0.0,0
0,0.0,0
0,0.0,0
0,0.0,0
0,0.0,0
0,0.0,0
0,0.0,0
0,0.0,0
0,0.0,0
0,0.0,0
0,0.0,0
0,0.0,0
0,0.0,0
0,0.0,0
0,0.0,0
0,0.0,0
0,0.0,0
0,0.0,0
0,0.0,0
0,0.0,0
0,0.0,0
0,0.0,0
0,0.0,0
0,0.0,0
0,0.0,0
0,0.24176,0
0,0.0,0
0,0.0,0
0,0.0,0
0,0.0,0
0,0.0,0
0,0.0,0
0,0.0,0
0,0.0,0
0,0.0,0
0,1.3e-05,0
0,0.0,0
0,0.0,0
0,0.0,0
1,0.75324,1
0,0.0,0
0,0.0,0
0,0.0,0
0,0.0,0
0,0.0,0
0,0.0,0
0,0.0,0
1,0.969883,1
0,0.0,0
0,0.0,0
0,0.0,0
0,0.0,0
0,0.0,0
0,0.0,0
0,0.0,0
0,0.0,0
0,0.0,0
0,0.0,0
0,0.0,0
0,0.0,0
0,0.0,0
0,0.0,0
0,0.0,0
0,0.0,0
0,0.0,0
0,0.0,0
0,0.0,0
0,0.0,0
0,0.0,0
0,0.0,0
0,0.0,0
0,0.0,0
0,0.0,0
0,0.0,0
0,0.0,0
0,0.0,0
0,0.0,0
0,0.0,0
0,0.0,0
0,0.0,0
0,0.0,0
0,0.0,0
0,0.0,0
0,0.0,0
0,0.0,0
0,0.0,0
0,0.0,0
0,0.0,0
0,0.0,0
0,0.0,0
0,0.0,0
0,0.0,0
0,0.0,0
0,0.0,0
0,0.0,0
0,0.001482,0
0,0.0,0
0,0.0,0
0,0.0,0
0,0.0,0
0,0.0,0
0,0.0,0
0,0.0,0
0,0.0,0
0,0.0,0
0,0.0,0
0,0.813602,1
0,0.0,0
0,0.0,0
0,0.0,0
0,0.0,0
0,0.0,0
0,0.0,0
0,0.001189,0
0,0.0,0
0,0.0,0
0,0.0,0
0,0.0,0
0,0.0,0
0,0.0,0
0,0.0,0
0,0.000405,0
1,0.949903,1
0,0.0,0
0,0.0,0
0,0.0,0
0,0.0,0
0,0.0,0
0,0.0,0
0,0.0,0
0,0.0,0
0,0.0,0
0,0.0,0
0,0.0,0
0,0.0,0
0,0.0,0
0,0.0,0
0,0.0,0
0,0.0,0
0,0.0,0
0,0.0,0
0,0.0,0
0,0.0,0
0,5.2e-05,0
0,0.0,0
0,0.0,0
0,0.0,0
0,0.0,0
0,0.0,0
0,0.0,0
0,0.0,0
0,0.0,0
0,0.0,0
0,0.0,0
0,0.0,0
0,0.0,0
0,0.0,0
0,0.0,0
0,0.0,0
0,0.0,0
0,0.0,0
0,0.0,0
0,0.0,0
0,0.0,0
0,0.0,0
0,0.0,0
0,0.0,0
0,0.0,0
0,0.0,0
0,0.0,0
0,0.0,0
0,0.0,0
0,0.0,0
0,0.0,0
0,0.0,0
0,0.0,0
0,0.0,0
0,0.0,0
0,0.0,0
0,0.0,0
0,0.0,0
0,8.7e-05,0
0,0.0,0
0,0.0,0
0,0.0,0
0,0.0,0
0,0.0,0
0,0.0,0
0,0.0,0
0,0.0,0
0,0.0,0
0,0.0,0
0,0.0,0
0,0.0,0
0,0.0,0
0,0.0,0
0,0.0,0
0,0.0,0
0,0.0,0
0,0.0,0
0,0.0,0
0,0.0,0
0,0.0,0
0,0.0,0
0,0.0,0
0,0.0,0
0,0.0,0
0,0.0,0
0,0.0,0
0,0.0,0
0,0.0,0
0,0.0,0
0,0.0,0
0,0.0,0
0,0.0,0
0,0.0,0
0,0.0,0
0,0.0,0
0,0.0,0
0,0.17328,0
0,0.0,0
0,0.0,0
0,1.2e-05,0
0,0.0,0
0,0.0,0
0,0.0,0
0,0.0,0
0,0.0,0
0,0.0,0
0,0.0,0
0,0.0,0
0,0.0,0
0,0.0,0
0,0.0,0
0,0.0,0
0,0.0,0
0,0.0,0
0,0.0,0
0,0.0,0
0,0.0,0
0,0.0,0
0,0.0,0
0,0.0,0
0,0.0,0
0,0.0,0
0,0.0,0
0,0.0,0
0,0.0,0
0,0.0,0
0,0.0,0
0,0.0,0
0,0.0,0
0,0.0,0
0,0.0,0
0,0.0,0
0,0.0,0
0,0.0,0
0,0.0,0
0,0.0,0
0,0.0,0
0,0.0,0
0,0.0,0
0,0.0,0
0,0.0,0
0,0.0,0
0,0.0,0
0,2e-06,0
0,0.0,0
0,0.0,0
0,0.0,0
0,0.0,0
0,0.0,0
0,0.0,0
0,0.000264,0
0,0.0,0
0,0.0,0
0,0.0,0
0,0.0,0
0,0.0,0
0,0.0,0
0,0.0,0
0,0.0,0
0,0.0,0
0,0.0,0
0,0.0,0
0,0.0,0
0,0.0,0
0,0.0,0
0,0.0,0
0,0.0,0
0,0.0,0
0,0.0,0
0,0.0,0
0,0.0,0
0,0.0,0
0,0.0,0
0,0.0,0
0,0.0,0
0,0.0,0
0,0.0,0
0,0.0,0
0,0.0,0
0,0.0,0
0,0.0,0
0,0.0,0
0,0.0,0
0,0.0,0
0,0.0,0
0,0.0,0
0,0.0,0
0,0.0,0
0,0.0,0
0,0.0,0
0,0.0,0
0,0.0,0
0,0.0,0
0,0.0,0
0,0.0,0
0,0.0,0
0,0.0,0
0,0.0,0
0,0.0,0
0,0.0,0
0,0.00077,0
0,0.0,0
0,0.0,0
0,0.0,0
0,0.0,0
0,0.0,0
0,0.0,0
0,0.0,0
0,0.0,0
0,0.0,0
0,0.0,0
0,0.0,0
0,0.0,0
0,0.0,0
0,0.0,0
0,0.0,0
0,0.0,0
0,0.0,0
0,0.0,0
0,0.0,0
0,0.0,0
0,0.0,0
0,0.0,0
0,0.0,0
0,0.0,0
0,0.0,0
0,0.0,0
0,0.0,0
0,0.0,0
0,0.0,0
0,1e-06,0
0,0.0,0
0,1e-06,0
0,0.0,0
0,0.0,0
0,0.0,0
0,4e-06,0
0,0.0,0
0,0.0,0
0,0.0,0
0,0.0,0
0,0.0,0
0,0.0,0
0,0.0,0
0,0.0,0
0,0.0,0
0,0.0,0
0,0.0,0
0,0.0,0
0,0.0,0
0,0.0,0
0,0.0,0
0,0.0,0
0,0.0,0
0,0.0,0
0,0.0,0
0,0.0,0
0,0.0,0
1,0.999916,1
0,0.0,0
0,0.0,0
0,0.0,0
0,0.0,0
0,0.0,0
0,0.0,0
0,0.0,0
0,0.065185,0
0,0.0,0
0,0.0,0
0,0.0,0
0,0.0,0
0,0.0,0
0,0.0,0
0,0.0,0
0,0.0,0
0,0.0,0
0,0.0,0
0,0.0,0
0,0.0,0
0,0.0,0
0,0.0,0
0,0.0,0
0,0.0,0
0,0.0,0
0,0.0,0
0,0.0,0
0,0.0,0
0,0.0,0
0,0.0,0
0,0.0,0
0,0.0,0
0,0.0,0
0,0.0,0
0,0.0,0
0,0.0,0
0,0.0,0
0,0.0,0
0,0.0,0
0,0.0,0
0,0.0,0
0,0.0,0
0,0.0,0
0,0.0,0
0,0.0,0
0,2e-06,0
0,0.0,0
0,0.0,0
0,0.0,0
0,0.0,0
0,0.0,0
0,0.0,0
0,0.0,0
0,0.0,0
0,0.0,0
0,0.0,0
0,0.0,0
0,0.0,0
0,0.0,0
0,0.0,0
0,0.0,0
0,0.0,0
0,0.0,0
0,0.0,0
0,0.0,0
0,0.0,0
0,0.0,0
0,0.0,0
0,0.0,0
0,0.0,0
0,0.0,0
0,0.0,0
0,0.0,0
0,0.0,0
0,0.0,0
0,0.0,0
0,0.0,0
0,0.0,0
0,0.0,0
0,0.0,0
0,0.0,0
0,0.0,0
0,0.0,0
0,0.0,0
0,0.0,0
0,0.0,0
0,0.0,0
0,0.0,0
0,0.0,0
0,0.0,0
0,0.0,0
0,0.0,0
0,0.0,0
0,0.0,0
0,0.0,0
0,0.0,0
0,1e-06,0
0,0.0,0
0,0.0,0
0,0.0,0
0,0.0,0
0,0.0,0
0,0.0,0
0,0.0,0
0,0.0,0
0,0.0,0
0,0.0,0
0,0.0,0
0,0.0,0
0,0.0,0
0,0.0,0
0,0.0,0
0,0.0,0
0,0.0,0
0,0.0,0
0,0.0,0
0,0.0,0
0,0.0,0
0,0.0,0
0,0.0,0
0,0.0,0
0,0.0,0
0,0.0,0
0,0.0,0
0,0.0,0
0,0.0,0
0,0.0,0
0,0.0,0
0,0.0,0
0,0.0,0
0,0.0,0
0,0.0,0
0,0.0,0
0,0.0,0
0,0.0,0
0,0.0,0
0,0.0,0
0,0.0,0
0,0.0,0
0,0.0,0
0,0.0,0
0,0.0,0
0,0.0,0
0,0.0,0
0,0.0,0
0,0.0,0
0,0.0,0
0,0.0,0
0,0.0,0
0,0.0,0
0,0.0,0
0,0.0,0
0,0.0,0
0,0.0,0
0,0.0,0
0,0.0,0
0,0.0,0
0,0.0,0
0,0.0,0
0,0.0,0
0,0.0,0
0,0.0,0
0,0.0,0
0,0.0,0
0,0.0,0
0,0.0,0
0,0.0,0
0,0.0,0
0,0.0,0
0,0.0,0
0,0.0,0
0,0.0,0
0,0.0,0
0,0.0,0
0,0.0,0
0,0.0,0
0,0.0,0
0,0.0,0
0,0.0,0
0,1.4e-05,0
0,0.0,0
0,0.0,0
0,0.0,0
0,0.0,0
0,0.0,0
0,0.0,0
0,0.0,0
0,0.0,0
0,0.0,0
0,0.0,0
0,0.0,0
0,0.0,0
0,0.0,0
0,0.0,0
0,0.0,0
0,0.0,0
0,0.0,0
0,0.0,0
0,0.0,0
0,0.0,0
0,0.0,0
0,0.0,0
0,0.0,0
0,0.0,0
0,0.0,0
0,0.0,0
0,0.0,0
0,0.0,0
0,0.0,0
0,0.0,0
0,0.0,0
0,0.0,0
0,0.0,0
0,0.0,0
0,0.0,0
0,0.0,0
0,0.0,0
0,0.0,0
0,0.0,0
0,0.0,0
0,0.0,0
0,0.000241,0
0,0.0,0
0,0.0,0
0,0.0,0
0,0.0,0
0,0.0,0
0,0.0,0
0,0.0,0
0,0.0,0
0,0.0,0
0,0.0,0
0,0.0,0
0,0.0,0
0,0.0,0
0,0.0,0
0,0.0,0
0,0.0,0
0,0.0,0
0,0.0,0
0,0.029786,0
0,0.0,0
0,0.0,0
0,0.0,0
0,0.0,0
0,0.0,0
0,0.0,0
0,0.0,0
0,0.0,0
0,0.0,0
0,0.0,0
0,0.0,0
0,0.0,0
0,0.0,0
0,0.0,0
0,0.0,0
0,0.0,0
0,0.0,0
0,0.0,0
0,0.0,0
0,0.0,0
0,0.0,0
0,0.0,0
0,0.0,0
0,0.0,0
0,0.0,0
0,0.0,0
0,0.0,0
0,0.0,0
0,0.0,0
0,0.0,0
0,0.0,0
0,0.0,0
0,0.0,0
0,0.0,0
0,0.0,0
0,0.000102,0
0,0.0,0
0,0.0,0
0,0.0,0
0,0.0,0
0,0.0,0
0,0.0,0
0,0.0,0
0,0.0,0
0,0.0,0
0,0.0,0
0,0.0,0
0,0.0,0
0,0.0,0
0,0.0,0
0,0.02721,0
0,0.0,0
0,0.0,0
0,0.0,0
0,0.0,0
0,0.0,0
0,0.0,0
0,0.0,0
0,0.0,0
0,1.4e-05,0
0,0.0,0
0,0.0,0
0,0.0,0
0,0.0,0
0,0.0,0
0,0.0,0
0,0.0,0
0,0.0,0
0,0.0,0
0,8e-06,0
0,0.0,0
0,0.93046,1
0,0.0,0
0,0.0,0
0,0.0,0
0,0.0,0
0,0.0,0
0,0.0,0
0,0.000405,0
0,0.0,0
0,0.0,0
0,0.0,0
0,0.0,0
0,0.0,0
0,0.000233,0
1,0.982295,1
0,0.0,0
0,0.0,0
0,0.0,0
0,0.0,0
0,0.0,0
0,0.0,0
0,0.0,0
0,0.0,0
0,0.0,0
0,0.0,0
0,0.0,0
0,0.0,0
0,0.0,0
0,0.0,0
0,0.0,0
0,0.0,0
0,6.6e-05,0
0,0.0,0
0,0.0,0
0,0.0,0
0,0.0,0
0,0.0,0
0,0.0,0
0,0.012533,0
0,0.0,0
0,0.0,0
0,0.0,0
0,0.0,0
0,0.0,0
0,0.0,0
0,0.0,0
0,0.0,0
0,0.0,0
0,1.2e-05,0
1,0.991711,1
0,0.0,0
0,0.0,0
0,0.0,0
0,0.14235,0
0,0.0,0
0,0.0,0
0,0.0,0
0,0.0,0
0,0.0,0
0,0.0,0
0,0.0,0
0,0.0,0
0,0.0,0
0,0.0,0
0,0.0,0
0,0.0,0
0,0.0,0
0,0.0,0
0,0.0,0
0,0.0,0
0,0.003788,0
0,0.0,0
0,0.00205,0
0,0.0,0
0,0.0,0
0,0.0,0
0,0.0,0
0,0.0,0
0,0.0,0
0,0.0,0
0,0.0,0
0,0.0,0
0,0.0,0
0,0.0,0
0,0.0,0
0,0.0,0
0,0.0,0
0,0.0,0
0,0.0,0
0,0.0,0
0,7.7e-05,0
0,0.0,0
0,0.0,0
0,0.0,0
0,0.0,0
0,0.0,0
0,0.0,0
0,0.0,0
0,0.0,0
0,0.0,0
0,0.0,0
0,0.0,0
0,0.0,0
0,0.0,0
0,0.0,0
0,0.0,0
0,0.0,0
0,0.0,0
0,0.0,0
0,0.0,0
0,0.0,0
0,0.0,0
0,0.0,0
0,0.0,0
0,0.0,0
0,0.0,0
0,0.0,0
0,0.0,0
0,0.0,0
0,0.0,0
0,0.0,0
0,0.0,0
0,0.0,0
0,0.0,0
0,0.0,0
0,0.0,0
0,0.0,0
0,0.0,0
0,0.0,0
0,0.0,0
0,0.0,0
0,0.0,0
1,0.999996,1
0,0.0,0
0,0.0,0
0,0.0,0
0,0.0,0
0,0.0,0
0,0.0,0
0,0.0,0
0,0.0,0
0,0.0,0
0,0.0,0
0,0.0,0
0,0.0,0
0,0.000718,0
0,0.0,0
0,0.0,0
0,0.0,0
0,0.0,0
0,0.0,0
0,0.903042,1
0,0.0,0
0,0.0,0
0,0.0,0
0,0.0,0
0,0.0,0
0,0.0,0
0,0.0,0
0,0.0,0
0,0.0,0
0,0.0,0
0,0.0,0
0,0.0,0
0,0.0,0
0,0.0,0
0,0.348372,0
0,0.0,0
0,0.0,0
0,0.0,0
0,0.0,0
0,0.0,0
0,0.0,0
0,0.0,0
0,0.0,0
0,0.0,0
0,0.0,0
0,0.0,0
0,0.0,0
0,0.0,0
0,0.000462,0
0,0.0,0
0,0.0,0
0,0.0,0
0,0.0,0
0,0.0,0
0,0.0,0
0,0.0,0
0,0.0,0
0,0.0,0
0,0.0,0
0,0.0,0
0,0.0,0
0,0.0,0
0,5e-06,0
0,0.0,0
0,0.001989,0
0,0.0,0
0,0.0,0
0,0.0,0
0,0.0,0
0,0.005957,0
0,0.0,0
1,0.996285,1
0,0.0,0
0,0.0,0
0,0.0,0
0,0.0,0
0,0.0,0
0,0.0,0
0,0.0,0
0,0.0,0
0,0.0,0
0,0.0,0
0,0.0,0
0,0.0,0
0,0.0,0
0,0.0,0
0,0.0,0
0,0.0,0
0,0.0,0
0,0.0,0
0,0.0,0
0,0.0,0
0,0.0,0
0,0.0,0
0,0.0,0
0,0.0,0
0,0.0,0
0,0.0,0
0,0.0,0
0,0.0,0
0,0.0,0
0,0.0,0
0,0.0,0
0,2e-06,0
0,0.0,0
0,0.0,0
0,0.0,0
0,0.0,0
0,0.002361,0
0,0.0,0
0,0.0,0
0,0.0,0
0,0.0,0
0,0.0,0
0,0.0,0
0,0.0,0
0,0.0,0
0,0.0,0
0,0.0,0
0,0.0,0
0,0.0,0
0,0.0,0
0,0.0,0
0,0.0,0
0,0.0,0
0,0.0,0
0,0.0,0
0,0.0,0
0,0.0,0
0,0.0,0
0,0.0,0
0,0.0,0
0,0.0,0
0,0.0,0
0,0.0,0
0,0.0,0
0,0.0,0
0,0.0,0
0,0.0,0
0,0.0,0
0,0.0,0
0,0.0,0
0,0.0,0
0,0.0,0
0,0.0,0
0,0.0,0
0,0.0,0
0,0.0,0
0,0.001187,0
0,0.0,0
0,0.0,0
0,0.0,0
0,0.0,0
0,0.0,0
0,0.0,0
0,0.0,0
0,0.0,0
0,0.0,0
0,0.0,0
0,0.0,0
0,0.0,0
0,0.0,0
0,0.0,0
0,0.004876,0
0,0.0,0
0,0.0,0
0,0.0,0
0,0.0,0
0,0.0,0
0,0.0,0
0,0.0,0
0,0.0,0
0,0.0,0
0,0.0,0
0,0.0,0
0,0.0,0
0,0.0,0
0,0.550298,1
0,0.0,0
0,0.0,0
0,0.0,0
0,0.0,0
0,0.0,0
0,0.000444,0
0,0.0,0
0,0.0,0
0,0.0,0
0,0.0,0
0,0.0,0
0,0.0,0
0,0.0,0
0,0.0,0
0,0.0,0
0,0.0,0
0,0.0,0
0,0.0,0
0,0.0,0
0,0.0,0
0,0.0,0
0,0.0,0
0,0.0,0
0,0.0,0
0,0.0,0
0,0.0,0
0,0.0,0
0,0.0,0
0,0.0,0
0,0.0,0
0,0.0,0
0,0.0,0
0,0.0,0
0,0.0,0
0,0.009141,0
0,0.0,0
0,0.0,0
0,0.0,0
0,0.0,0
0,0.0,0
0,0.0,0
0,0.0,0
0,0.0,0
0,0.0,0
0,0.0,0
0,0.0,0
0,0.0,0
0,0.0,0
0,0.0,0
0,0.0,0
0,0.0,0
0,0.0,0
0,0.0,0
0,0.0,0
0,0.0,0
0,0.0,0
0,0.0,0
0,0.0,0
0,0.0,0
0,0.0,0
0,5e-06,0
0,0.0,0
0,0.0,0
0,0.0,0
0,0.0,0
0,0.0,0
0,0.0,0
0,0.0,0
0,0.0,0
0,0.0,0
0,0.0,0
0,0.0,0
0,0.0,0
0,0.0,0
0,0.0,0
0,0.0,0
0,0.0,0
0,0.0,0
0,0.0,0
0,0.0,0
0,0.0,0
0,0.0,0
0,0.0,0
0,0.0,0
0,1e-06,0
0,0.0,0
0,0.0,0
0,0.0,0
0,0.0,0
0,0.0,0
0,0.0,0
0,0.0,0
0,0.0,0
0,0.0,0
0,0.0,0
0,0.0,0
0,0.0,0
0,0.0,0
0,0.0,0
0,0.0,0
0,0.0,0
0,0.0,0
0,0.0,0
0,0.0,0
0,0.0,0
0,0.0,0
0,0.0,0
0,0.0,0
0,0.0,0
0,0.0,0
0,0.368222,0
0,0.0,0
0,0.0,0
0,0.0,0
0,0.0,0
0,0.0,0
0,0.0,0
0,0.0,0
0,0.0,0
0,0.0,0
0,0.0,0
0,0.0,0
0,0.0,0
0,0.0,0
0,0.0,0
0,0.0,0
0,0.0,0
0,0.0,0
0,0.0,0
0,2e-06,0
0,0.0,0
0,0.0,0
0,0.0,0
0,0.0,0
0,0.0,0
0,0.0,0
0,0.0,0
0,0.0,0
0,0.0,0
0,0.0,0
0,0.0,0
0,0.0,0
0,0.0,0
0,0.0,0
0,0.0,0
0,0.0,0
0,0.0,0
0,0.0,0
0,0.0,0
0,0.0,0
0,0.0,0
0,0.0,0
0,1e-06,0
0,0.0,0
0,0.0,0
0,0.0,0
0,0.0,0
0,0.0,0
0,0.0,0
0,0.0,0
0,0.0,0
0,0.0,0
0,0.0,0
0,0.0,0
0,0.0,0
0,0.0,0
0,0.0,0
0,0.0,0
0,0.0,0
0,0.0,0
0,0.0,0
0,0.0,0
0,0.0,0
0,0.0,0
0,0.0,0
0,0.0,0
0,1e-06,0
0,0.0,0
0,0.0,0
0,0.0,0
0,0.0,0
0,0.0,0
0,0.0,0
0,0.0,0
0,0.0,0
0,5.6e-05,0
0,0.0,0
0,0.0,0
0,0.0,0
0,0.0,0
0,0.0,0
0,0.0,0
0,0.0,0
0,0.0,0
0,0.0,0
0,0.0,0
0,0.0,0
0,0.0,0
0,0.0,0
0,0.0,0
0,0.0,0
0,0.0,0
0,0.0,0
0,0.0,0
0,0.0,0
0,0.0,0
0,0.0,0
0,0.0,0
0,0.0,0
0,0.0,0
0,0.0,0
0,0.0,0
0,0.0,0
0,0.0,0
0,0.0,0
0,0.0,0
0,0.0,0
0,0.0,0
0,0.0,0
0,0.0,0
0,0.0,0
0,0.0,0
0,0.0,0
0,0.0,0
0,0.0,0
0,0.0,0
0,0.004478,0
0,0.0,0
0,7e-05,0
0,0.0,0
0,0.0,0
0,0.0,0
0,0.0,0
0,0.0,0
0,0.0,0
0,0.0,0
0,0.0,0
0,0.0,0
0,0.0,0
0,0.0,0
0,0.0,0
0,0.0,0
0,0.0,0
0,0.0,0
1,0.999991,1
0,0.0,0
0,0.0,0
0,0.0,0
0,0.0,0
0,0.0,0
0,0.0,0
0,0.0,0
0,0.0,0
0,0.000102,0
0,0.0,0
0,0.0,0
0,0.0,0
0,0.0,0
0,0.0,0
0,0.0,0
0,0.0,0
0,0.0,0
0,0.0,0
0,0.0,0
0,0.0,0
0,0.0,0
0,0.0,0
0,0.0,0
0,0.0,0
0,0.0,0
0,0.0,0
0,0.0,0
0,0.0,0
0,0.0,0
0,0.0,0
0,0.0,0
0,0.0,0
0,0.0,0
0,0.0,0
0,0.0,0
0,0.0,0
0,0.000168,0
0,0.0,0
0,0.000194,0
0,0.0,0
0,0.0,0
0,0.912386,1
0,0.0,0
0,0.0,0
0,0.0,0
0,0.0,0
0,0.0,0
0,0.0,0
0,0.0,0
0,0.0,0
0,0.0,0
0,0.0,0
0,0.0,0
0,0.0,0
0,0.0,0
0,0.0,0
0,0.0,0
0,0.654548,1
0,0.0,0
0,0.0,0
0,0.0,0
0,0.0,0
0,2e-06,0
0,0.0,0
0,0.0,0
0,0.0,0
0,3.7e-05,0
0,0.0,0
0,0.0,0
0,0.0,0
0,0.0,0
0,0.0,0
0,0.0,0
0,0.0,0
0,0.0,0
0,0.0,0
0,0.0,0
0,0.0,0
0,0.0,0
0,0.0,0
0,0.0,0
0,0.0,0
0,0.0,0
0,0.0,0
0,0.0,0
0,0.0,0
0,0.0,0
0,0.0,0
0,0.0,0
0,0.0,0
0,0.0,0
0,0.0,0
0,0.0,0
0,0.0,0
0,0.0,0
0,0.0,0
0,0.0,0
0,0.0,0
0,0.0,0
0,0.0,0
1,0.954837,1
0,0.0,0
0,0.0,0
0,0.0,0
0,0.0,0
0,0.0,0
0,0.0,0
0,0.0,0
0,0.0,0
0,0.001119,0
0,0.0,0
0,1e-06,0
0,0.0,0
0,0.0,0
0,1e-06,0
0,0.0,0
0,0.0,0
0,0.0,0
0,0.0,0
0,0.0,0
0,0.0,0
0,0.0,0
0,0.0,0
0,0.0,0
0,1e-06,0
0,0.0,0
0,0.0,0
0,0.0,0
0,0.0,0
0,0.0,0
0,0.0,0
0,0.0,0
0,0.0,0
0,0.0,0
0,0.0,0
0,0.0,0
0,0.0,0
0,0.0,0
0,0.0,0
0,0.0,0
0,0.000465,0
0,0.0,0
0,0.0,0
0,0.0,0
0,0.0,0
0,0.0,0
0,0.0,0
0,0.0,0
0,0.0,0
0,0.0,0
0,0.0,0
0,0.0,0
0,0.0,0
0,0.0,0
0,0.0,0
0,0.0,0
0,0.0,0
0,0.0,0
0,0.0,0
0,0.0,0
0,0.0,0
0,0.0,0
0,0.0,0
0,0.0,0
0,0.000488,0
0,0.0,0
0,0.0,0
0,0.0,0
0,0.0,0
0,0.0,0
0,0.0,0
0,0.0,0
0,0.0,0
0,0.0,0
0,0.0,0
0,0.0,0
0,0.0,0
0,0.0,0
0,0.0,0
1,0.999999,1
0,0.0,0
0,0.0,0
0,0.0,0
0,0.0,0
0,0.0,0
0,0.0,0
0,0.0,0
0,0.0,0
0,0.0,0
0,0.0,0
0,0.0,0
0,0.0,0
0,0.0,0
0,0.0,0
0,0.0,0
0,0.0,0
0,0.0,0
0,0.0,0
0,0.0,0
0,0.0,0
0,0.0,0
0,0.0,0
0,0.0,0
0,0.0,0
0,0.0,0
0,0.0,0
0,0.0,0
0,0.0,0
0,0.0,0
0,0.0,0
0,0.0,0
0,0.0,0
0,0.0,0
0,0.0,0
0,0.0,0
0,0.0,0
0,0.0,0
0,0.0,0
0,0.0,0
0,0.0,0
0,0.0,0
0,0.0,0
0,0.0,0
0,0.0,0
0,0.0,0
0,0.0,0
0,0.0,0
0,0.0,0
0,0.0,0
0,0.0,0
0,0.0,0
0,0.0,0
0,0.0,0
0,0.0,0
0,0.0,0
0,0.000726,0
0,0.0,0
0,0.0,0
0,0.0,0
0,0.0,0
0,0.0,0
0,0.0,0
0,0.0,0
0,0.0,0
0,0.0,0
0,0.0,0
0,9e-05,0
0,0.0,0
0,0.0,0
0,0.0,0
0,0.0,0
0,0.0,0
0,0.0,0
0,0.0,0
0,0.0,0
0,0.0,0
0,0.0,0
0,0.0,0
0,0.0,0
0,0.0,0
0,0.0,0
0,0.0,0
0,0.0,0
0,0.0,0
0,0.0,0
0,1e-06,0
0,0.0,0
0,0.0,0
0,0.0,0
0,0.0,0
0,0.0,0
0,0.0,0
0,0.0,0
0,0.0,0
0,1e-06,0
0,0.0,0
0,0.0,0
0,0.0,0
0,0.0,0
0,0.0,0
0,0.0,0
0,0.0,0
0,0.0,0
0,0.0,0
0,0.0,0
0,0.0,0
0,0.0,0
0,0.0,0
0,0.0,0
0,0.0,0
0,0.0,0
0,0.0,0
0,0.0,0
0,0.0,0
0,0.0,0
0,0.0,0
0,0.0,0
0,0.0,0
0,0.0,0
0,0.0,0
0,0.0,0
0,0.0,0
0,0.0,0
0,0.0,0
0,0.0,0
0,0.0,0
0,0.0,0
0,0.0,0
0,0.0,0
0,0.0,0
0,0.0,0
0,0.0,0
0,0.0,0
0,0.0,0
0,0.0,0
0,0.0,0
0,0.0,0
0,0.0,0
0,0.0,0
0,0.0,0
0,0.0,0
0,0.0,0
0,0.0,0
0,0.0,0
0,0.0,0
0,0.0,0
0,0.0,0
0,0.0,0
0,0.0,0
0,0.0,0
0,0.0,0
0,0.0,0
0,0.0,0
0,0.0,0
0,0.0,0
0,0.0,0
0,0.0,0
0,0.0,0
0,0.0,0
0,0.0,0
0,0.0,0
0,0.0,0
0,0.0,0
0,0.0,0
0,0.0,0
0,0.0,0
0,0.0,0
0,0.0,0
0,0.0,0
0,0.0,0
0,0.0,0
0,0.0,0
0,0.0,0
0,0.0,0
0,0.0,0
0,0.0,0
0,0.0,0
0,0.0,0
0,0.0,0
0,0.0,0
0,0.0,0
0,0.0,0
0,0.0,0
0,0.0,0
0,0.0,0
0,3e-05,0
0,0.0,0
0,0.0,0
0,0.0,0
0,0.0,0
0,0.0,0
0,0.0,0
0,0.0,0
0,0.0,0
0,0.0,0
0,0.0,0
0,0.0,0
0,3.8e-05,0
0,0.0,0
0,0.0,0
0,0.0,0
0,0.005806,0
0,0.0,0
0,0.0,0
0,0.0,0
0,0.0,0
0,0.0,0
0,0.0,0
0,0.0,0
0,0.0,0
0,0.0,0
0,0.0,0
0,0.0,0
0,0.0,0
0,0.0,0
0,0.0,0
0,0.0,0
0,0.0,0
0,0.0,0
0,8e-06,0
0,0.0,0
0,0.0,0
0,0.0,0
0,0.0,0
0,0.0,0
0,0.0,0
0,0.0,0
0,0.0,0
0,0.0,0
0,0.0,0
0,0.0,0
0,0.0,0
0,0.0,0
0,0.0,0
0,0.0,0
0,0.0,0
0,0.0,0
0,0.0,0
0,0.0,0
0,0.0,0
0,0.0,0
0,0.0,0
0,0.0,0
0,0.0,0
0,0.0,0
0,0.0,0
0,3e-06,0
0,0.0,0
0,0.0,0
0,0.0,0
0,0.0,0
0,0.0,0
0,0.0,0
0,0.0,0
0,0.0,0
0,3e-06,0
0,0.0,0
0,0.0,0
0,0.0,0
0,0.0,0
0,0.0,0
0,0.0,0
0,0.0,0
0,0.0,0
0,0.0,0
0,0.0,0
0,0.0,0
0,0.0,0
0,0.0,0
0,0.0,0
0,0.0,0
0,0.0,0
0,0.0,0
0,0.0,0
0,0.0,0
0,0.0,0
0,0.0,0
0,0.0,0
0,0.0,0
0,0.0,0
0,0.0,0
0,0.0,0
0,0.0,0
0,0.0,0
0,0.0,0
0,0.0,0
0,0.0,0
0,0.0,0
0,0.0,0
0,0.0,0
0,0.0,0
0,0.0,0
0,0.0,0
0,0.0,0
0,0.0,0
0,0.0,0
0,0.0,0
0,0.0,0
0,0.0,0
0,0.0,0
0,0.0,0
0,0.0556,0
0,0.0,0
0,0.0,0
0,0.00019,0
0,0.0,0
1,1.0,1
0,0.0,0
0,0.0,0
0,0.0,0
0,0.0,0
0,0.0,0
0,0.0,0
0,0.0,0
0,0.0,0
0,0.000288,0
0,0.000385,0
0,0.0,0
0,0.0,0
0,0.0,0
0,0.0,0
0,0.0,0
0,0.0,0
0,0.0,0
0,0.0,0
0,1e-06,0
0,0.0,0
0,0.0,0
0,0.0,0
0,0.0,0
0,0.0,0
0,0.0,0
0,0.0,0
0,0.0,0
0,0.0,0
0,0.0,0
0,0.0,0
0,0.0,0
0,0.0,0
0,0.0,0
0,0.0,0
0,0.0,0
0,0.0,0
0,0.0,0
0,0.0,0
0,0.0,0
0,0.0,0
0,0.0,0
0,0.0,0
0,0.0,0
0,0.0,0
0,0.0,0
0,0.0,0
0,0.0,0
0,0.0,0
0,0.0,0
0,1e-06,0
0,0.0,0
0,0.0,0
0,0.0,0
0,0.0,0
0,0.0,0
0,0.0,0
0,0.0,0
0,0.315705,0
0,0.0,0
0,0.0,0
0,0.0,0
0,0.0,0
0,0.0,0
0,0.0,0
0,0.0,0
0,0.0,0
0,0.0,0
0,0.0,0
0,0.0,0
0,0.0,0
0,0.0,0
0,0.0,0
0,0.0,0
0,0.0,0
0,0.0,0
0,0.0,0
0,0.0,0
0,0.0,0
0,0.0,0
0,0.005372,0
0,0.0,0
0,0.0,0
0,0.00014,0
0,0.0,0
0,0.0,0
0,0.0,0
0,0.0,0
0,0.0,0
0,0.0,0
0,0.020589,0
0,0.0,0
0,0.0,0
0,0.0,0
0,0.0,0
0,0.0,0
0,0.000229,0
0,0.0,0
0,2e-06,0
0,0.0,0
0,0.0,0
0,0.0,0
0,0.0,0
0,0.0,0
0,0.0,0
0,0.0,0
0,0.0,0
0,0.0,0
0,0.0,0
0,0.0,0
0,0.0,0
0,0.0,0
0,0.0,0
0,0.0,0
0,0.0,0
0,0.0,0
0,0.0,0
0,0.0,0
0,0.0,0
0,0.0,0
0,0.0,0
0,0.0,0
0,0.0,0
0,0.0,0
0,0.0,0
0,0.0,0
0,0.0,0
0,0.0,0
0,0.0,0
0,0.0,0
0,0.0,0
0,0.0,0
0,0.0,0
0,0.0,0
0,0.0,0
0,0.0,0
0,0.0,0
0,0.0,0
0,0.0,0
0,0.0,0
0,0.0,0
0,0.0,0
0,0.0,0
0,0.0,0
0,0.0,0
0,0.0,0
0,0.0,0
0,0.0,0
0,0.0,0
0,0.0,0
0,0.0,0
0,0.0,0
0,0.0,0
0,0.0,0
0,0.0,0
0,0.0,0
0,0.0,0
0,0.0,0
0,0.0,0
0,0.0,0
0,0.012614,0
0,0.0,0
0,0.0,0
0,0.0,0
0,0.0,0
0,0.0,0
0,0.0,0
0,0.0,0
0,0.0,0
0,0.0,0
0,0.0,0
0,0.0,0
0,0.0,0
0,0.0,0
0,0.0,0
0,0.0,0
0,0.0,0
0,0.0,0
0,0.0,0
0,0.0,0
0,0.0,0
0,0.0,0
0,0.0,0
0,0.0,0
0,0.0,0
0,0.0,0
0,0.0,0
0,0.0,0
0,0.0,0
0,0.0,0
0,0.0,0
0,0.0,0
0,0.0,0
0,0.0,0
0,0.0,0
0,0.0,0
0,0.0,0
0,0.0,0
0,0.0,0
0,0.0,0
0,0.0,0
0,0.0,0
0,0.0,0
0,0.0,0
0,0.0,0
0,0.0,0
0,0.0,0
0,0.0,0
0,0.0,0
0,0.0,0
0,0.0,0
0,0.0,0
0,0.0,0
0,0.0,0
0,0.0,0
0,0.0,0
0,0.0,0
0,0.0,0
0,0.0,0
0,0.0,0
0,0.0,0
0,0.0,0
0,0.0,0
0,0.0,0
0,0.0,0
0,0.0,0
0,0.0,0
0,0.0,0
0,0.0,0
0,0.0,0
0,0.0,0
0,0.0,0
0,0.0,0
0,0.0,0
0,0.0,0
0,0.0,0
0,0.0,0
0,0.0,0
0,0.0,0
0,0.0,0
0,0.0,0
0,0.0,0
0,0.0,0
0,0.0,0
0,0.0,0
0,0.0,0
0,0.0,0
0,0.0,0
0,0.0,0
0,0.0,0
0,0.0,0
0,0.0,0
0,0.0,0
0,0.0,0
0,0.0,0
0,0.0,0
0,0.0,0
0,0.0,0
0,0.0,0
0,0.0,0
0,0.0,0
0,0.0,0
0,0.0,0
0,0.0,0
0,0.0,0
0,0.0,0
0,0.0,0
0,0.0,0
0,0.0,0
0,0.0,0
0,0.0,0
0,0.0,0
0,0.0,0
0,0.0,0
0,0.0,0
0,0.0,0
0,0.0,0
0,0.0,0
0,0.0,0
0,0.0,0
0,0.0,0
0,0.0,0
0,0.0,0
0,0.0,0
0,0.0,0
0,0.0,0
0,0.0,0
0,5.8e-05,0
0,6e-06,0
0,0.0,0
0,0.0,0
0,0.0,0
0,0.0,0
0,0.0,0
0,0.0,0
0,5.8e-05,0
0,0.0,0
0,0.0,0
0,0.0,0
0,0.0,0
0,0.0,0
0,0.0,0
0,0.0,0
0,0.0,0
0,0.0,0
0,0.0,0
0,0.0,0
0,0.0,0
0,0.0,0
0,0.0,0
0,0.0,0
0,0.0,0
0,0.0,0
0,0.0,0
0,0.0,0
0,0.0,0
0,0.0,0
0,0.0,0
0,0.0,0
0,0.0,0
0,0.0,0
0,0.0,0
0,0.0,0
0,0.0,0
0,0.0,0
0,0.0,0
0,1e-06,0
0,0.0,0
0,0.0,0
0,0.0,0
0,0.0,0
0,0.0,0
0,0.0,0
0,0.0,0
0,0.0,0
0,0.0,0
0,0.0,0
0,0.0,0
0,0.0,0
0,0.0,0
0,0.0,0
0,0.0,0
0,0.0,0
0,0.0,0
0,0.0,0
0,0.0,0
0,0.0,0
0,0.0,0
0,0.0,0
0,0.0,0
0,0.0,0
0,0.0,0
0,0.0,0
0,0.0,0
0,0.0,0
0,0.0,0
0,0.0,0
0,0.0,0
0,0.0,0
0,0.0,0
0,0.0,0
0,0.0,0
0,0.0,0
0,0.0,0
0,0.0,0
0,0.0,0
0,0.0,0
0,0.0,0
0,0.0,0
0,0.0,0
0,0.0,0
0,0.0,0
0,0.0,0
0,0.0,0
0,0.0,0
0,0.0,0
0,0.0,0
0,0.0,0
0,0.0,0
0,0.0,0
0,0.0,0
0,0.0,0
0,0.0,0
0,0.0,0
0,0.0,0
0,0.0,0
0,0.0,0
0,0.0,0
0,0.0,0
0,0.0,0
0,0.0,0
0,0.0,0
0,0.0,0
0,0.0,0
0,0.0,0
0,0.0,0
0,0.0,0
0,0.0,0
0,0.0,0
0,0.0,0
0,0.0,0
0,0.0,0
0,0.0,0
0,0.0,0
0,0.0,0
0,0.0,0
0,0.0,0
0,0.0,0
0,0.0,0
0,0.0,0
0,0.0,0
0,0.0,0
0,0.0,0
0,0.0,0
0,0.0,0
0,0.0,0
0,0.0,0
0,0.0,0
0,0.0,0
0,0.0,0
0,0.0,0
0,0.0,0
0,0.0,0
0,0.0,0
0,0.0,0
0,0.0,0
0,0.0,0
0,0.0,0
0,0.0,0
0,0.0,0
0,0.0,0
0,0.0,0
0,0.0,0
0,0.0,0
0,0.0,0
0,0.0,0
0,0.002304,0
0,0.0,0
0,0.0,0
0,1e-06,0
0,0.0,0
0,0.0,0
0,0.0,0
0,0.0,0
0,0.0,0
0,0.0,0
0,0.0,0
0,0.0,0
0,0.0,0
0,0.0,0
0,0.0,0
0,0.0,0
0,0.0,0
0,0.0,0
0,0.0,0
0,0.0,0
0,0.0,0
0,0.0,0
0,0.0,0
0,0.0,0
0,0.0,0
0,0.0,0
0,0.0,0
0,0.0,0
0,0.0,0
0,0.0,0
0,0.0,0
0,0.0,0
0,0.0,0
0,0.0,0
0,0.0,0
0,0.0,0
0,0.0,0
0,0.0,0
0,0.0,0
0,0.0,0
0,0.0,0
0,0.0,0
0,0.0,0
0,2e-06,0
0,0.0,0
0,0.0,0
0,0.0,0
0,0.0,0
0,6e-06,0
0,0.0,0
0,0.0,0
0,0.0,0
0,0.0,0
0,0.0,0
0,0.0,0
0,0.0,0
0,0.0,0
0,0.0,0
0,0.0,0
0,1e-06,0
0,0.0,0
0,0.0,0
0,0.0,0
0,0.0,0
0,0.0,0
0,0.0,0
0,0.0,0
0,0.0,0
0,0.0,0
0,0.002973,0
0,0.325553,0
0,0.0,0
0,0.0,0
0,0.0,0
0,0.0,0
0,0.0,0
0,0.0,0
0,0.0,0
0,0.0,0
0,0.0,0
0,0.0,0
0,0.0,0
0,0.0,0
0,0.0,0
0,0.0,0
0,0.0,0
0,0.0,0
0,0.0,0
0,0.0,0
0,0.0,0
0,0.0,0
0,0.0,0
0,3.6e-05,0
0,0.0,0
0,0.0,0
0,0.0,0
0,0.0,0
0,0.0,0
0,0.0,0
0,0.0,0
0,0.0,0
0,0.0,0
0,0.0,0
0,0.0,0
0,0.0,0
0,0.677288,1
0,0.0,0
0,0.0,0
0,0.0,0
0,0.0,0
0,0.0,0
0,0.000197,0
0,0.0,0
0,0.0,0
0,0.0,0
0,0.0,0
0,0.0,0
0,0.0,0
0,0.0,0
0,0.0,0
0,0.0,0
0,0.0,0
0,0.0,0
0,0.0,0
0,0.0,0
0,0.0,0
0,0.0,0
0,0.0,0
0,0.000154,0
0,0.0,0
0,0.0,0
0,0.0,0
0,0.0,0
0,0.0,0
0,0.0,0
0,0.0,0
0,0.0,0
0,0.0,0
0,0.0,0
0,0.0,0
0,0.0,0
0,0.0,0
0,0.0,0
0,0.0,0
0,0.0,0
0,0.0,0
0,0.0,0
0,0.010463,0
0,0.0,0
0,0.0,0
0,0.0,0
0,0.0,0
0,0.0,0
0,0.0,0
0,0.0,0
0,0.0,0
0,0.0,0
0,0.0,0
0,0.0,0
0,0.0,0
0,0.0,0
0,0.0,0
0,0.0,0
0,0.0,0
0,0.0,0
0,0.0,0
0,0.0,0
0,0.0,0
0,0.0,0
0,0.0,0
0,0.0,0
0,0.0,0
0,0.0,0
0,0.0,0
0,0.0,0
0,0.0,0
0,0.0,0
0,0.0,0
0,0.0,0
0,0.0,0
0,0.0,0
0,0.0,0
0,0.0,0
0,0.0,0
0,0.0,0
0,0.00583,0
0,0.0,0
0,0.0,0
0,0.0,0
0,0.0,0
0,0.0,0
0,0.0,0
0,0.0,0
0,0.0,0
0,0.0,0
0,0.0,0
0,0.0,0
0,0.0,0
0,0.0,0
0,0.0,0
0,0.0,0
0,0.0,0
0,0.0,0
0,0.0,0
0,0.0,0
0,0.0,0
0,0.0,0
0,0.0,0
0,0.0,0
0,0.0,0
0,0.0,0
0,0.0,0
0,0.0,0
0,0.0,0
0,0.0,0
0,0.0,0
0,0.0,0
0,0.0,0
0,0.0,0
0,0.0,0
0,1e-05,0
0,0.0,0
0,0.0,0
0,0.0,0
0,0.0,0
0,0.0,0
0,0.00683,0
0,0.0,0
0,0.0,0
0,0.0,0
0,0.0,0
0,0.0,0
0,3e-06,0
0,0.0,0
0,0.0,0
0,0.0,0
0,0.0,0
0,0.0,0
0,0.0,0
0,0.0,0
0,0.0,0
0,0.0,0
0,0.0,0
0,0.0,0
0,0.0,0
0,0.0,0
0,0.0,0
0,0.0,0
0,0.0,0
0,0.0,0
0,0.0,0
0,0.0,0
0,0.0,0
0,0.0,0
0,0.0,0
0,0.0,0
0,0.0,0
0,0.0,0
0,0.0,0
0,0.0,0
0,0.0,0
0,0.0,0
0,0.0,0
0,0.0,0
0,0.0,0
1,1.0,1
0,0.0,0
0,0.0,0
0,0.0,0
0,0.0,0
0,0.0,0
0,0.0,0
0,0.0,0
0,0.0,0
0,0.0,0
0,0.0,0
0,0.0,0
0,0.0,0
0,0.0,0
0,0.0,0
0,0.0,0
0,0.0,0
0,0.0,0
0,0.0,0
0,0.0,0
0,0.0,0
0,0.0,0
0,0.0,0
0,0.0,0
0,2e-06,0
0,0.0,0
0,0.0,0
0,0.000152,0
0,0.0,0
0,0.0,0
0,0.0,0
0,0.0,0
0,0.0,0
0,0.0,0
0,0.0,0
0,0.0,0
0,0.0,0
0,0.0,0
0,0.0,0
0,0.0,0
0,0.0,0
0,0.0,0
0,0.0,0
0,0.0,0
0,0.0,0
0,0.0,0
0,0.0,0
0,0.0,0
0,0.0,0
0,0.0,0
0,0.0,0
0,0.0,0
0,0.0,0
0,0.0,0
0,0.0,0
0,0.0,0
0,0.0,0
0,0.0,0
0,0.0,0
0,0.0,0
0,0.0,0
0,0.0,0
0,0.0,0
0,0.0,0
0,0.0,0
0,0.0,0
0,0.0,0
0,0.0,0
0,0.0,0
0,0.0,0
0,0.0,0
0,0.0,0
0,0.0,0
0,0.0,0
0,0.0,0
0,0.0,0
0,0.0,0
0,0.0,0
0,0.0,0
0,0.0,0
0,0.0,0
0,0.0,0
0,0.0,0
0,0.0,0
0,0.0,0
0,0.0,0
0,0.0,0
0,0.0,0
0,0.0,0
0,0.0,0
0,0.0,0
0,0.0,0
0,0.0,0
0,0.0,0
0,1e-06,0
0,0.0,0
0,0.0,0
0,0.0,0
0,0.0,0
0,0.0,0
0,0.0,0
0,0.0,0
0,0.0,0
0,0.0,0
0,0.0,0
0,0.0,0
0,0.0,0
0,0.0,0
0,0.0,0
0,0.0,0
0,0.0,0
0,8e-06,0
0,0.0,0
0,0.0,0
0,0.0,0
0,0.0,0
1,0.996026,1
0,0.0,0
0,0.0,0
0,0.0,0
0,0.0,0
0,0.0,0
0,0.0,0
0,0.0,0
0,0.0,0
0,0.0,0
0,0.0,0
0,0.0,0
0,0.0,0
0,0.0,0
0,0.0,0
0,0.0,0
0,0.0,0
0,0.0,0
0,0.0,0
0,0.0,0
0,0.0,0
0,0.0,0
0,0.0,0
0,0.0,0
0,0.0,0
0,0.0,0
0,0.0,0
0,0.0,0
0,0.0,0
0,0.0,0
0,0.0,0
0,4e-06,0
0,0.0,0
0,0.0,0
0,0.0,0
0,0.0,0
0,0.0,0
0,0.0,0
0,0.0,0
0,0.0,0
0,0.0,0
0,0.0,0
0,0.0,0
0,0.0,0
0,0.0,0
0,0.0,0
0,0.0,0
0,0.0,0
0,0.0,0
0,0.0,0
0,0.0,0
0,0.0,0
0,0.0,0
0,0.0,0
0,0.0,0
0,0.0,0
0,0.0,0
0,0.0,0
0,0.0,0
0,0.0,0
0,0.0,0
0,0.0,0
0,0.0,0
0,0.0,0
0,0.0,0
0,0.0,0
0,0.0,0
0,0.00038,0
0,0.0,0
0,0.0,0
0,0.0,0
0,0.0,0
0,0.0,0
0,0.0,0
0,0.0,0
0,0.0,0
0,1e-05,0
0,0.0,0
0,0.0,0
0,0.0,0
0,0.0,0
0,0.0,0
0,0.0,0
0,0.0,0
0,0.0,0
0,0.0,0
0,0.0,0
0,0.0,0
0,0.0,0
0,0.0,0
0,0.0,0
0,0.0,0
0,0.0,0
0,0.0,0
0,0.0,0
0,0.0,0
0,0.0,0
0,0.0,0
0,0.0,0
0,0.0,0
0,0.0,0
0,0.0,0
0,0.0,0
0,0.0,0
0,0.000405,0
0,0.0,0
0,0.0,0
0,0.0,0
0,0.0,0
0,0.0,0
0,0.0,0
0,0.0,0
0,0.0,0
0,0.0,0
0,0.0,0
0,0.0,0
0,0.0,0
0,0.0,0
0,0.0,0
0,0.0,0
0,1e-05,0
0,0.0,0
0,0.0,0
0,0.0,0
0,0.0,0
0,0.0,0
0,0.0,0
0,0.0,0
0,0.0,0
0,0.0,0
0,0.0,0
0,0.0,0
0,0.0,0
0,0.0,0
0,0.0,0
0,0.0,0
0,0.0,0
0,0.0,0
0,0.0,0
0,0.0,0
0,0.0,0
0,0.0,0
0,0.0,0
0,0.0,0
0,0.0,0
0,0.0,0
0,0.0,0
0,0.0,0
0,0.0,0
0,0.0,0
0,0.0,0
0,0.0,0
0,0.0,0
0,0.0,0
0,0.0,0
0,0.0,0
0,0.0,0
0,0.0,0
0,0.0,0
0,0.0,0
0,0.0,0
0,0.0,0
0,0.0,0
0,0.0,0
0,0.0,0
0,0.0,0
0,0.0,0
0,0.0,0
0,0.0,0
0,0.0,0
0,0.0,0
0,0.0,0
0,0.0,0
0,0.0,0
0,0.0,0
0,0.0,0
0,0.0,0
0,0.0,0
0,0.00501,0
1,0.999171,1
0,0.0,0
0,0.0,0
0,0.0,0
0,0.0,0
0,0.0,0
0,0.0,0
0,0.0,0
0,0.0,0
0,0.0,0
0,0.0,0
0,0.0,0
0,0.0,0
0,0.0,0
0,0.0,0
0,0.0,0
0,0.0,0
0,0.0,0
0,0.0,0
0,0.0,0
0,0.0,0
0,0.0,0
0,0.0,0
0,0.0,0
0,0.0,0
0,0.0,0
0,0.0,0
0,0.0,0
0,0.0,0
0,0.0,0
0,0.0,0
0,0.0,0
0,0.0,0
0,0.0,0
0,0.0,0
0,0.0,0
0,0.0,0
0,0.0,0
0,0.0,0
0,0.0,0
0,0.0,0
0,0.0,0
0,0.0,0
0,0.0,0
0,0.0,0
0,0.0,0
0,0.0,0
0,0.0,0
0,0.0,0
0,0.0,0
0,0.0,0
0,0.0,0
0,0.0,0
0,0.0,0
0,0.0,0
0,0.0,0
0,0.0,0
0,0.0,0
0,0.0,0
0,0.0,0
0,0.0,0
0,0.0,0
0,0.0,0
0,0.0,0
0,0.0,0
0,0.0,0
0,0.0,0
0,0.0,0
0,0.0,0
0,0.0,0
0,0.0,0
0,0.0,0
0,0.0,0
0,0.0,0
0,0.0,0
0,0.0,0
0,0.0,0
0,0.0,0
0,0.0,0
0,0.0,0
0,0.0,0
0,0.0,0
0,0.0,0
0,0.0,0
0,0.008163,0
0,0.0,0
0,0.0,0
0,0.0,0
0,0.0,0
0,0.0,0
0,0.0,0
0,0.0,0
0,0.0,0
0,0.0,0
0,0.0,0
0,0.0,0
0,0.0,0
0,0.0,0
0,0.0,0
0,0.0,0
0,0.0,0
0,0.0,0
0,0.0,0
0,0.0,0
0,0.0,0
0,0.869905,1
0,0.0,0
0,0.0,0
0,0.0,0
0,0.0,0
0,0.0,0
0,0.0,0
1,0.999691,1
0,0.0,0
0,0.0,0
0,0.0,0
0,0.0,0
0,0.0,0
0,0.0,0
0,0.0,0
0,0.0,0
0,0.0,0
0,0.0,0
0,0.0,0
0,0.0,0
0,0.0,0
0,0.0,0
0,0.0,0
0,0.0,0
0,0.0,0
0,0.0,0
0,0.0,0
0,0.0,0
0,0.0,0
0,0.0,0
0,0.0,0
0,0.0,0
0,0.0,0
